[{"model": "admin.logentry", "pk": 1, "fields": {"action_time": "2024-10-15T23:45:54.661Z", "user": 1, "content_type": 8, "object_id": "1", "object_repr": "admin admin", "action_flag": 1, "change_message": "[{\"added\": {}}]"}}, {"model": "admin.logentry", "pk": 2, "fields": {"action_time": "2024-10-15T23:48:29.099Z", "user": 1, "content_type": 12, "object_id": "1", "object_repr": "314", "action_flag": 1, "change_message": "[{\"added\": {}}]"}}, {"model": "admin.logentry", "pk": 3, "fields": {"action_time": "2024-10-15T23:49:22.158Z", "user": 1, "content_type": 11, "object_id": "1", "object_repr": "Limamou Libasse SYLLA", "action_flag": 1, "change_message": "[{\"added\": {}}]"}}, {"model": "admin.logentry", "pk": 4, "fields": {"action_time": "2024-10-15T23:49:48.497Z", "user": 1, "content_type": 9, "object_id": "1", "object_repr": "TIC", "action_flag": 1, "change_message": "[{\"added\": {}}]"}}, {"model": "admin.logentry", "pk": 5, "fields": {"action_time": "2024-10-17T01:28:47.216Z", "user": 1, "content_type": 13, "object_id": "1", "object_repr": "ABD-P4", "action_flag": 1, "change_message": "[{\"added\": {}}]"}}, {"model": "admin.logentry", "pk": 6, "fields": {"action_time": "2024-10-17T03:02:15.064Z", "user": 1, "content_type": 26, "object_id": "1", "object_repr": "Enseigner object (1)", "action_flag": 1, "change_message": "[{\"added\": {}}]"}}, {"model": "admin.logentry", "pk": 7, "fields": {"action_time": "2024-10-17T03:44:34.452Z", "user": 1, "content_type": 13, "object_id": "2", "object_repr": "APD-P4", "action_flag": 1, "change_message": "[{\"added\": {}}]"}}, {"model": "admin.logentry", "pk": 8, "fields": {"action_time": "2024-10-17T03:45:42.190Z", "user": 1, "content_type": 26, "object_id": "2", "object_repr": "Pape Malick NIiang enseigne Mathematiques appliquees TIC dans ABD-P4", "action_flag": 1, "change_message": "[{\"added\": {}}]"}}, {"model": "admin.logentry", "pk": 9, "fields": {"action_time": "2024-10-17T03:46:45.663Z", "user": 1, "content_type": 17, "object_id": "2", "object_repr": "Mbaye FAYE", "action_flag": 1, "change_message": "[{\"added\": {}}]"}}, {"model": "admin.logentry", "pk": 10, "fields": {"action_time": "2024-10-17T03:46:49.273Z", "user": 1, "content_type": 26, "object_id": "3", "object_repr": "Pape Malick NIiang enseigne Mathematiques appliquees TIC dans APD-P4", "action_flag": 1, "change_message": "[{\"added\": {}}]"}}, {"model": "admin.logentry", "pk": 11, "fields": {"action_time": "2024-10-17T03:48:04.766Z", "user": 1, "content_type": 14, "object_id": "3", "object_repr": "Linux", "action_flag": 1, "change_message": "[{\"added\": {}}]"}}, {"model": "admin.logentry", "pk": 12, "fields": {"action_time": "2024-10-17T03:48:24.972Z", "user": 1, "content_type": 26, "object_id": "4", "object_repr": "Limamou Libasse Sylla enseigne Linux dans ABD-P4", "action_flag": 1, "change_message": "[{\"added\": {}}]"}}, {"model": "admin.logentry", "pk": 13, "fields": {"action_time": "2024-10-17T03:49:45.649Z", "user": 1, "content_type": 23, "object_id": "2", "object_repr": "Lamine FALL - Mathematiques appliquees TIC", "action_flag": 3, "change_message": ""}}, {"model": "admin.logentry", "pk": 14, "fields": {"action_time": "2024-10-17T03:58:25.650Z", "user": 1, "content_type": 23, "object_id": "4", "object_repr": "Mbaye FAYE - Mathematiques appliquees TIC", "action_flag": 3, "change_message": ""}}, {"model": "admin.logentry", "pk": 15, "fields": {"action_time": "2024-10-17T03:58:30.375Z", "user": 1, "content_type": 23, "object_id": "3", "object_repr": "Lamine FALL - Mathematiques appliquees TIC", "action_flag": 3, "change_message": ""}}, {"model": "admin.logentry", "pk": 16, "fields": {"action_time": "2024-10-17T03:59:21.812Z", "user": 1, "content_type": 23, "object_id": "5", "object_repr": "Mbaye FAYE - Mathematiques appliquees TIC", "action_flag": 3, "change_message": ""}}, {"model": "admin.logentry", "pk": 17, "fields": {"action_time": "2024-10-17T04:04:39.586Z", "user": 1, "content_type": 23, "object_id": "6", "object_repr": "Lamine FALL - Mathematiques appliquees TIC", "action_flag": 3, "change_message": ""}}, {"model": "admin.logentry", "pk": 18, "fields": {"action_time": "2024-10-17T04:04:45.123Z", "user": 1, "content_type": 23, "object_id": "1", "object_repr": "Lamine FALL - ASP.NET", "action_flag": 3, "change_message": ""}}, {"model": "admin.logentry", "pk": 19, "fields": {"action_time": "2024-10-17T04:07:32.384Z", "user": 1, "content_type": 23, "object_id": "8", "object_repr": "Mbaye FAYE - Mathematiques appliquees TIC", "action_flag": 3, "change_message": ""}}, {"model": "admin.logentry", "pk": 20, "fields": {"action_time": "2024-10-17T04:07:38.811Z", "user": 1, "content_type": 23, "object_id": "7", "object_repr": "Lamine FALL - Mathematiques appliquees TIC", "action_flag": 3, "change_message": ""}}, {"model": "admin.logentry", "pk": 21, "fields": {"action_time": "2024-10-17T04:11:26.422Z", "user": 1, "content_type": 23, "object_id": "10", "object_repr": "Lamine FALL - Mathematiques appliquees TIC", "action_flag": 3, "change_message": ""}}, {"model": "admin.logentry", "pk": 22, "fields": {"action_time": "2024-10-17T04:25:06.981Z", "user": 1, "content_type": 23, "object_id": "11", "object_repr": "Lamine FALL - Mathematiques appliquees TIC", "action_flag": 3, "change_message": ""}}, {"model": "admin.logentry", "pk": 23, "fields": {"action_time": "2024-10-17T04:26:52.379Z", "user": 1, "content_type": 23, "object_id": "12", "object_repr": "Lamine FALL - Mathematiques appliquees TIC", "action_flag": 3, "change_message": ""}}, {"model": "admin.logentry", "pk": 24, "fields": {"action_time": "2024-10-17T04:26:52.393Z", "user": 1, "content_type": 23, "object_id": "9", "object_repr": "Mbaye FAYE - Mathematiques appliquees TIC", "action_flag": 3, "change_message": ""}}, {"model": "admin.logentry", "pk": 25, "fields": {"action_time": "2024-10-17T07:30:38.695Z", "user": 1, "content_type": 26, "object_id": "1", "object_repr": "Assane DIATTA enseigne ASP.NET dans ABD-P4", "action_flag": 2, "change_message": "[{\"changed\": {\"fields\": [\"Teacher\"]}}]"}}, {"model": "admin.logentry", "pk": 26, "fields": {"action_time": "2024-10-17T20:57:13.078Z", "user": 1, "content_type": 11, "object_id": "1", "object_repr": "Limamou Libasse SYLLA", "action_flag": 2, "change_message": "[{\"changed\": {\"fields\": [\"Matricule\"]}}]"}}, {"model": "admin.logentry", "pk": 27, "fields": {"action_time": "2024-10-17T23:58:15.618Z", "user": 1, "content_type": 14, "object_id": "4", "object_repr": "Python", "action_flag": 2, "change_message": "[]"}}, {"model": "admin.logentry", "pk": 28, "fields": {"action_time": "2024-10-18T17:02:40.211Z", "user": 1, "content_type": 23, "object_id": "17", "object_repr": "Lamine FALL - Mathematiques appliquees TIC", "action_flag": 3, "change_message": ""}}, {"model": "admin.logentry", "pk": 29, "fields": {"action_time": "2024-10-18T17:02:53.855Z", "user": 1, "content_type": 23, "object_id": "16", "object_repr": "Aissatou NDIAYE - Mathematiques appliquees TIC", "action_flag": 3, "change_message": ""}}, {"model": "admin.logentry", "pk": 30, "fields": {"action_time": "2024-10-18T17:06:12.129Z", "user": 1, "content_type": 14, "object_id": "1", "object_repr": "Mathematiques appliquees TIC", "action_flag": 2, "change_message": "[]"}}, {"model": "admin.logentry", "pk": 31, "fields": {"action_time": "2024-10-18T17:32:19.015Z", "user": 1, "content_type": 23, "object_id": "13", "object_repr": "Mbaye FAYE - Linux", "action_flag": 2, "change_message": "[{\"changed\": {\"fields\": [\"Classe\", \"Administrateur\", \"Responsable\", \"Note eva1\"]}}]"}}, {"model": "admin.logentry", "pk": 32, "fields": {"action_time": "2024-10-18T17:32:40.555Z", "user": 1, "content_type": 23, "object_id": "13", "object_repr": "Mbaye FAYE - Linux", "action_flag": 3, "change_message": ""}}, {"model": "admin.logentry", "pk": 33, "fields": {"action_time": "2024-10-18T17:37:23.431Z", "user": 1, "content_type": 23, "object_id": "14", "object_repr": "Lamine FALL - Python", "action_flag": 3, "change_message": ""}}, {"model": "admin.logentry", "pk": 34, "fields": {"action_time": "2024-10-18T23:37:17.573Z", "user": 1, "content_type": 26, "object_id": "5", "object_repr": "Limamou Libasse Sylla enseigne Linux dans SCC-P4", "action_flag": 1, "change_message": "[{\"added\": {}}]"}}, {"model": "admin.logentry", "pk": 35, "fields": {"action_time": "2024-10-19T00:06:58.039Z", "user": 1, "content_type": 11, "object_id": "1", "object_repr": "Limamou Libasse SYLLA", "action_flag": 2, "change_message": "[{\"changed\": {\"fields\": [\"Num tel\", \"Grade\"]}}]"}}, {"model": "admin.logentry", "pk": 36, "fields": {"action_time": "2024-10-19T01:06:58.686Z", "user": 1, "content_type": 9, "object_id": "2", "object_repr": "Mecanique", "action_flag": 3, "change_message": ""}}, {"model": "admin.logentry", "pk": 37, "fields": {"action_time": "2024-10-19T02:04:51.739Z", "user": 1, "content_type": 26, "object_id": "6", "object_repr": "Pape Malick NIiang enseigne Mathematiques appliquees TIC dans SCC-P4", "action_flag": 2, "change_message": "[]"}}, {"model": "admin.logentry", "pk": 38, "fields": {"action_time": "2024-10-19T02:11:00.872Z", "user": 1, "content_type": 26, "object_id": "8", "object_repr": "Pape Malick NIiang enseigne Mathematiques appliquees TIC dans SCC-P4", "action_flag": 3, "change_message": ""}}, {"model": "admin.logentry", "pk": 39, "fields": {"action_time": "2024-10-19T02:11:05.066Z", "user": 1, "content_type": 26, "object_id": "7", "object_repr": "Pape Malick NIiang enseigne Mathematiques appliquees TIC dans SCC-P4", "action_flag": 3, "change_message": ""}}, {"model": "admin.logentry", "pk": 40, "fields": {"action_time": "2024-10-19T02:11:09.387Z", "user": 1, "content_type": 26, "object_id": "6", "object_repr": "Pape Malick NIiang enseigne Mathematiques appliquees TIC dans SCC-P4", "action_flag": 3, "change_message": ""}}, {"model": "admin.logentry", "pk": 41, "fields": {"action_time": "2024-10-19T02:19:40.679Z", "user": 1, "content_type": 14, "object_id": "5", "object_repr": "Power BI", "action_flag": 2, "change_message": "[]"}}, {"model": "admin.logentry", "pk": 42, "fields": {"action_time": "2024-10-20T15:38:33.926Z", "user": 1, "content_type": 26, "object_id": "16", "object_repr": "Pape Malick NIiang enseigne ASP.NET dans APD-P4", "action_flag": 2, "change_message": "[{\"changed\": {\"fields\": [\"Student\"]}}]"}}, {"model": "admin.logentry", "pk": 43, "fields": {"action_time": "2024-10-20T15:42:21.787Z", "user": 1, "content_type": 26, "object_id": "10", "object_repr": "Pape Malick NIiang enseigne Windows Server dans SCC-P4", "action_flag": 3, "change_message": ""}}, {"model": "admin.logentry", "pk": 44, "fields": {"action_time": "2024-10-20T15:42:28.226Z", "user": 1, "content_type": 26, "object_id": "16", "object_repr": "Pape Malick NIiang enseigne ASP.NET dans APD-P4", "action_flag": 3, "change_message": ""}}, {"model": "admin.logentry", "pk": 45, "fields": {"action_time": "2024-10-20T15:45:29.648Z", "user": 1, "content_type": 14, "object_id": "4", "object_repr": "Python", "action_flag": 2, "change_message": "[]"}}, {"model": "admin.logentry", "pk": 46, "fields": {"action_time": "2024-10-20T15:45:42.756Z", "user": 1, "content_type": 14, "object_id": "1", "object_repr": "Mathematiques appliquees TIC", "action_flag": 2, "change_message": "[]"}}, {"model": "admin.logentry", "pk": 47, "fields": {"action_time": "2024-10-20T15:47:06.709Z", "user": 1, "content_type": 14, "object_id": "4", "object_repr": "Python", "action_flag": 2, "change_message": "[]"}}, {"model": "admin.logentry", "pk": 48, "fields": {"action_time": "2024-10-21T07:01:40.850Z", "user": 1, "content_type": 17, "object_id": "3", "object_repr": "Aissatou NDIAYE", "action_flag": 2, "change_message": "[{\"changed\": {\"fields\": [\"Qr code\"]}}]"}}, {"model": "admin.logentry", "pk": 49, "fields": {"action_time": "2024-10-21T07:02:21.793Z", "user": 1, "content_type": 17, "object_id": "3", "object_repr": "Aissatou NDIAYE", "action_flag": 3, "change_message": ""}}, {"model": "admin.logentry", "pk": 50, "fields": {"action_time": "2024-10-21T07:02:37.972Z", "user": 1, "content_type": 17, "object_id": "1", "object_repr": "Lamine FALL", "action_flag": 2, "change_message": "[{\"changed\": {\"fields\": [\"Photo\"]}}]"}}, {"model": "admin.logentry", "pk": 51, "fields": {"action_time": "2024-10-21T10:21:17.691Z", "user": 1, "content_type": 12, "object_id": "2", "object_repr": "312", "action_flag": 1, "change_message": "[{\"added\": {}}]"}}, {"model": "admin.logentry", "pk": 52, "fields": {"action_time": "2024-10-21T10:21:38.140Z", "user": 1, "content_type": 12, "object_id": "3", "object_repr": "311", "action_flag": 1, "change_message": "[{\"added\": {}}]"}}, {"model": "admin.logentry", "pk": 53, "fields": {"action_time": "2024-10-21T10:22:10.045Z", "user": 1, "content_type": 12, "object_id": "4", "object_repr": "310", "action_flag": 1, "change_message": "[{\"added\": {}}]"}}, {"model": "admin.logentry", "pk": 54, "fields": {"action_time": "2024-10-21T10:22:40.893Z", "user": 1, "content_type": 12, "object_id": "5", "object_repr": "309", "action_flag": 1, "change_message": "[{\"added\": {}}]"}}, {"model": "admin.logentry", "pk": 55, "fields": {"action_time": "2024-10-21T10:22:56.079Z", "user": 1, "content_type": 12, "object_id": "6", "object_repr": "308", "action_flag": 1, "change_message": "[{\"added\": {}}]"}}, {"model": "admin.logentry", "pk": 56, "fields": {"action_time": "2024-10-21T10:23:58.076Z", "user": 1, "content_type": 12, "object_id": "2", "object_repr": "313", "action_flag": 2, "change_message": "[{\"changed\": {\"fields\": [\"Numero\"]}}]"}}, {"model": "admin.logentry", "pk": 57, "fields": {"action_time": "2024-10-21T10:24:03.729Z", "user": 1, "content_type": 12, "object_id": "3", "object_repr": "312", "action_flag": 2, "change_message": "[{\"changed\": {\"fields\": [\"Numero\"]}}]"}}, {"model": "admin.logentry", "pk": 58, "fields": {"action_time": "2024-10-21T10:24:20.598Z", "user": 1, "content_type": 12, "object_id": "4", "object_repr": "311", "action_flag": 2, "change_message": "[{\"changed\": {\"fields\": [\"Numero\"]}}]"}}, {"model": "admin.logentry", "pk": 59, "fields": {"action_time": "2024-10-21T10:24:46.702Z", "user": 1, "content_type": 12, "object_id": "5", "object_repr": "310", "action_flag": 2, "change_message": "[{\"changed\": {\"fields\": [\"Numero\"]}}]"}}, {"model": "admin.logentry", "pk": 60, "fields": {"action_time": "2024-10-21T10:24:55.202Z", "user": 1, "content_type": 12, "object_id": "6", "object_repr": "309", "action_flag": 2, "change_message": "[{\"changed\": {\"fields\": [\"Numero\"]}}]"}}, {"model": "admin.logentry", "pk": 61, "fields": {"action_time": "2024-10-22T23:26:33.648Z", "user": 1, "content_type": 32, "object_id": "1", "object_repr": "Limamou Libasse : SYLLA", "action_flag": 1, "change_message": "[{\"added\": {}}]"}}, {"model": "admin.logentry", "pk": 62, "fields": {"action_time": "2024-10-22T23:33:08.997Z", "user": 1, "content_type": 26, "object_id": "18", "object_repr": "Limamou Libasse Sylla enseigne Linux dans APD-P4", "action_flag": 3, "change_message": ""}}, {"model": "admin.logentry", "pk": 63, "fields": {"action_time": "2024-10-22T23:33:26.750Z", "user": 1, "content_type": 26, "object_id": "3", "object_repr": "Pape Malick NIiang enseigne Mathematiques appliquees TIC dans APD-P4", "action_flag": 3, "change_message": ""}}, {"model": "admin.logentry", "pk": 64, "fields": {"action_time": "2024-10-22T23:33:48.668Z", "user": 1, "content_type": 26, "object_id": "17", "object_repr": "Pape Malick NIiang enseigne Python dans ABD-P4", "action_flag": 3, "change_message": ""}}, {"model": "auth.permission", "pk": 1, "fields": {"name": "Can add log entry", "content_type": 1, "codename": "add_logentry"}}, {"model": "auth.permission", "pk": 2, "fields": {"name": "Can change log entry", "content_type": 1, "codename": "change_logentry"}}, {"model": "auth.permission", "pk": 3, "fields": {"name": "Can delete log entry", "content_type": 1, "codename": "delete_logentry"}}, {"model": "auth.permission", "pk": 4, "fields": {"name": "Can view log entry", "content_type": 1, "codename": "view_logentry"}}, {"model": "auth.permission", "pk": 5, "fields": {"name": "Can add permission", "content_type": 2, "codename": "add_permission"}}, {"model": "auth.permission", "pk": 6, "fields": {"name": "Can change permission", "content_type": 2, "codename": "change_permission"}}, {"model": "auth.permission", "pk": 7, "fields": {"name": "Can delete permission", "content_type": 2, "codename": "delete_permission"}}, {"model": "auth.permission", "pk": 8, "fields": {"name": "Can view permission", "content_type": 2, "codename": "view_permission"}}, {"model": "auth.permission", "pk": 9, "fields": {"name": "Can add group", "content_type": 3, "codename": "add_group"}}, {"model": "auth.permission", "pk": 10, "fields": {"name": "Can change group", "content_type": 3, "codename": "change_group"}}, {"model": "auth.permission", "pk": 11, "fields": {"name": "Can delete group", "content_type": 3, "codename": "delete_group"}}, {"model": "auth.permission", "pk": 12, "fields": {"name": "Can view group", "content_type": 3, "codename": "view_group"}}, {"model": "auth.permission", "pk": 13, "fields": {"name": "Can add user", "content_type": 4, "codename": "add_user"}}, {"model": "auth.permission", "pk": 14, "fields": {"name": "Can change user", "content_type": 4, "codename": "change_user"}}, {"model": "auth.permission", "pk": 15, "fields": {"name": "Can delete user", "content_type": 4, "codename": "delete_user"}}, {"model": "auth.permission", "pk": 16, "fields": {"name": "Can view user", "content_type": 4, "codename": "view_user"}}, {"model": "auth.permission", "pk": 17, "fields": {"name": "Can add content type", "content_type": 5, "codename": "add_contenttype"}}, {"model": "auth.permission", "pk": 18, "fields": {"name": "Can change content type", "content_type": 5, "codename": "change_contenttype"}}, {"model": "auth.permission", "pk": 19, "fields": {"name": "Can delete content type", "content_type": 5, "codename": "delete_contenttype"}}, {"model": "auth.permission", "pk": 20, "fields": {"name": "Can view content type", "content_type": 5, "codename": "view_contenttype"}}, {"model": "auth.permission", "pk": 21, "fields": {"name": "Can add session", "content_type": 6, "codename": "add_session"}}, {"model": "auth.permission", "pk": 22, "fields": {"name": "Can change session", "content_type": 6, "codename": "change_session"}}, {"model": "auth.permission", "pk": 23, "fields": {"name": "Can delete session", "content_type": 6, "codename": "delete_session"}}, {"model": "auth.permission", "pk": 24, "fields": {"name": "Can view session", "content_type": 6, "codename": "view_session"}}, {"model": "auth.permission", "pk": 25, "fields": {"name": "Can add adjoint classe", "content_type": 7, "codename": "add_adjointclasse"}}, {"model": "auth.permission", "pk": 26, "fields": {"name": "Can change adjoint classe", "content_type": 7, "codename": "change_adjointclasse"}}, {"model": "auth.permission", "pk": 27, "fields": {"name": "Can delete adjoint classe", "content_type": 7, "codename": "delete_adjointclasse"}}, {"model": "auth.permission", "pk": 28, "fields": {"name": "Can view adjoint classe", "content_type": 7, "codename": "view_adjointclasse"}}, {"model": "auth.permission", "pk": 29, "fields": {"name": "Can add administrateur", "content_type": 8, "codename": "add_administrateur"}}, {"model": "auth.permission", "pk": 30, "fields": {"name": "Can change administrateur", "content_type": 8, "codename": "change_administrateur"}}, {"model": "auth.permission", "pk": 31, "fields": {"name": "Can delete administrateur", "content_type": 8, "codename": "delete_administrateur"}}, {"model": "auth.permission", "pk": 32, "fields": {"name": "Can view administrateur", "content_type": 8, "codename": "view_administrateur"}}, {"model": "auth.permission", "pk": 33, "fields": {"name": "Can add filiere", "content_type": 9, "codename": "add_filiere"}}, {"model": "auth.permission", "pk": 34, "fields": {"name": "Can change filiere", "content_type": 9, "codename": "change_filiere"}}, {"model": "auth.permission", "pk": 35, "fields": {"name": "Can delete filiere", "content_type": 9, "codename": "delete_filiere"}}, {"model": "auth.permission", "pk": 36, "fields": {"name": "Can view filiere", "content_type": 9, "codename": "view_filiere"}}, {"model": "auth.permission", "pk": 37, "fields": {"name": "Can add responsable classe", "content_type": 10, "codename": "add_responsableclasse"}}, {"model": "auth.permission", "pk": 38, "fields": {"name": "Can change responsable classe", "content_type": 10, "codename": "change_responsableclasse"}}, {"model": "auth.permission", "pk": 39, "fields": {"name": "Can delete responsable classe", "content_type": 10, "codename": "delete_responsableclasse"}}, {"model": "auth.permission", "pk": 40, "fields": {"name": "Can view responsable classe", "content_type": 10, "codename": "view_responsableclasse"}}, {"model": "auth.permission", "pk": 41, "fields": {"name": "Can add responsable filiere", "content_type": 11, "codename": "add_responsablefiliere"}}, {"model": "auth.permission", "pk": 42, "fields": {"name": "Can change responsable filiere", "content_type": 11, "codename": "change_responsablefiliere"}}, {"model": "auth.permission", "pk": 43, "fields": {"name": "Can delete responsable filiere", "content_type": 11, "codename": "delete_responsablefiliere"}}, {"model": "auth.permission", "pk": 44, "fields": {"name": "Can view responsable filiere", "content_type": 11, "codename": "view_responsablefiliere"}}, {"model": "auth.permission", "pk": 45, "fields": {"name": "Can add salle", "content_type": 12, "codename": "add_salle"}}, {"model": "auth.permission", "pk": 46, "fields": {"name": "Can change salle", "content_type": 12, "codename": "change_salle"}}, {"model": "auth.permission", "pk": 47, "fields": {"name": "Can delete salle", "content_type": 12, "codename": "delete_salle"}}, {"model": "auth.permission", "pk": 48, "fields": {"name": "Can view salle", "content_type": 12, "codename": "view_salle"}}, {"model": "auth.permission", "pk": 49, "fields": {"name": "Can add classe", "content_type": 13, "codename": "add_classe"}}, {"model": "auth.permission", "pk": 50, "fields": {"name": "Can change classe", "content_type": 13, "codename": "change_classe"}}, {"model": "auth.permission", "pk": 51, "fields": {"name": "Can delete classe", "content_type": 13, "codename": "delete_classe"}}, {"model": "auth.permission", "pk": 52, "fields": {"name": "Can view classe", "content_type": 13, "codename": "view_classe"}}, {"model": "auth.permission", "pk": 53, "fields": {"name": "Can add matiere", "content_type": 14, "codename": "add_matiere"}}, {"model": "auth.permission", "pk": 54, "fields": {"name": "Can change matiere", "content_type": 14, "codename": "change_matiere"}}, {"model": "auth.permission", "pk": 55, "fields": {"name": "Can delete matiere", "content_type": 14, "codename": "delete_matiere"}}, {"model": "auth.permission", "pk": 56, "fields": {"name": "Can view matiere", "content_type": 14, "codename": "view_matiere"}}, {"model": "auth.permission", "pk": 57, "fields": {"name": "Can add programme", "content_type": 15, "codename": "add_programme"}}, {"model": "auth.permission", "pk": 58, "fields": {"name": "Can change programme", "content_type": 15, "codename": "change_programme"}}, {"model": "auth.permission", "pk": 59, "fields": {"name": "Can delete programme", "content_type": 15, "codename": "delete_programme"}}, {"model": "auth.permission", "pk": 60, "fields": {"name": "Can view programme", "content_type": 15, "codename": "view_programme"}}, {"model": "auth.permission", "pk": 61, "fields": {"name": "Can add planifier", "content_type": 16, "codename": "add_planifier"}}, {"model": "auth.permission", "pk": 62, "fields": {"name": "Can change planifier", "content_type": 16, "codename": "change_planifier"}}, {"model": "auth.permission", "pk": 63, "fields": {"name": "Can delete planifier", "content_type": 16, "codename": "delete_planifier"}}, {"model": "auth.permission", "pk": 64, "fields": {"name": "Can view planifier", "content_type": 16, "codename": "view_planifier"}}, {"model": "auth.permission", "pk": 65, "fields": {"name": "Can add student", "content_type": 17, "codename": "add_student"}}, {"model": "auth.permission", "pk": 66, "fields": {"name": "Can change student", "content_type": 17, "codename": "change_student"}}, {"model": "auth.permission", "pk": 67, "fields": {"name": "Can delete student", "content_type": 17, "codename": "delete_student"}}, {"model": "auth.permission", "pk": 68, "fields": {"name": "Can view student", "content_type": 17, "codename": "view_student"}}, {"model": "auth.permission", "pk": 69, "fields": {"name": "Can add comptable", "content_type": 18, "codename": "add_comptable"}}, {"model": "auth.permission", "pk": 70, "fields": {"name": "Can change comptable", "content_type": 18, "codename": "change_comptable"}}, {"model": "auth.permission", "pk": 71, "fields": {"name": "Can delete comptable", "content_type": 18, "codename": "delete_comptable"}}, {"model": "auth.permission", "pk": 72, "fields": {"name": "Can view comptable", "content_type": 18, "codename": "view_comptable"}}, {"model": "auth.permission", "pk": 73, "fields": {"name": "Can add teacher", "content_type": 19, "codename": "add_teacher"}}, {"model": "auth.permission", "pk": 74, "fields": {"name": "Can change teacher", "content_type": 19, "codename": "change_teacher"}}, {"model": "auth.permission", "pk": 75, "fields": {"name": "Can delete teacher", "content_type": 19, "codename": "delete_teacher"}}, {"model": "auth.permission", "pk": 76, "fields": {"name": "Can view teacher", "content_type": 19, "codename": "view_teacher"}}, {"model": "auth.permission", "pk": 77, "fields": {"name": "Can add pointage", "content_type": 20, "codename": "add_pointage"}}, {"model": "auth.permission", "pk": 78, "fields": {"name": "Can change pointage", "content_type": 20, "codename": "change_pointage"}}, {"model": "auth.permission", "pk": 79, "fields": {"name": "Can delete pointage", "content_type": 20, "codename": "delete_pointage"}}, {"model": "auth.permission", "pk": 80, "fields": {"name": "Can view pointage", "content_type": 20, "codename": "view_pointage"}}, {"model": "auth.permission", "pk": 81, "fields": {"name": "Can add planning", "content_type": 21, "codename": "add_planning"}}, {"model": "auth.permission", "pk": 82, "fields": {"name": "Can change planning", "content_type": 21, "codename": "change_planning"}}, {"model": "auth.permission", "pk": 83, "fields": {"name": "Can delete planning", "content_type": 21, "codename": "delete_planning"}}, {"model": "auth.permission", "pk": 84, "fields": {"name": "Can view planning", "content_type": 21, "codename": "view_planning"}}, {"model": "auth.permission", "pk": 85, "fields": {"name": "Can add paiement", "content_type": 22, "codename": "add_paiement"}}, {"model": "auth.permission", "pk": 86, "fields": {"name": "Can change paiement", "content_type": 22, "codename": "change_paiement"}}, {"model": "auth.permission", "pk": 87, "fields": {"name": "Can delete paiement", "content_type": 22, "codename": "delete_paiement"}}, {"model": "auth.permission", "pk": 88, "fields": {"name": "Can view paiement", "content_type": 22, "codename": "view_paiement"}}, {"model": "auth.permission", "pk": 89, "fields": {"name": "Can add note", "content_type": 23, "codename": "add_note"}}, {"model": "auth.permission", "pk": 90, "fields": {"name": "Can change note", "content_type": 23, "codename": "change_note"}}, {"model": "auth.permission", "pk": 91, "fields": {"name": "Can delete note", "content_type": 23, "codename": "delete_note"}}, {"model": "auth.permission", "pk": 92, "fields": {"name": "Can view note", "content_type": 23, "codename": "view_note"}}, {"model": "auth.permission", "pk": 93, "fields": {"name": "Can add cahier de cours", "content_type": 24, "codename": "add_cahierdecours"}}, {"model": "auth.permission", "pk": 94, "fields": {"name": "Can change cahier de cours", "content_type": 24, "codename": "change_cahierdecours"}}, {"model": "auth.permission", "pk": 95, "fields": {"name": "Can delete cahier de cours", "content_type": 24, "codename": "delete_cahierdecours"}}, {"model": "auth.permission", "pk": 96, "fields": {"name": "Can view cahier de cours", "content_type": 24, "codename": "view_cahierdecours"}}, {"model": "auth.permission", "pk": 97, "fields": {"name": "Can add bulletin", "content_type": 25, "codename": "add_bulletin"}}, {"model": "auth.permission", "pk": 98, "fields": {"name": "Can change bulletin", "content_type": 25, "codename": "change_bulletin"}}, {"model": "auth.permission", "pk": 99, "fields": {"name": "Can delete bulletin", "content_type": 25, "codename": "delete_bulletin"}}, {"model": "auth.permission", "pk": 100, "fields": {"name": "Can view bulletin", "content_type": 25, "codename": "view_bulletin"}}, {"model": "auth.permission", "pk": 101, "fields": {"name": "Can add enseigner", "content_type": 26, "codename": "add_enseigner"}}, {"model": "auth.permission", "pk": 102, "fields": {"name": "Can change enseigner", "content_type": 26, "codename": "change_enseigner"}}, {"model": "auth.permission", "pk": 103, "fields": {"name": "Can delete enseigner", "content_type": 26, "codename": "delete_enseigner"}}, {"model": "auth.permission", "pk": 104, "fields": {"name": "Can view enseigner", "content_type": 26, "codename": "view_enseigner"}}, {"model": "auth.permission", "pk": 105, "fields": {"name": "Can add associer", "content_type": 27, "codename": "add_associer"}}, {"model": "auth.permission", "pk": 106, "fields": {"name": "Can change associer", "content_type": 27, "codename": "change_associer"}}, {"model": "auth.permission", "pk": 107, "fields": {"name": "Can delete associer", "content_type": 27, "codename": "delete_associer"}}, {"model": "auth.permission", "pk": 108, "fields": {"name": "Can view associer", "content_type": 27, "codename": "view_associer"}}, {"model": "auth.permission", "pk": 109, "fields": {"name": "Can add consulter_planning", "content_type": 28, "codename": "add_consulter_planning"}}, {"model": "auth.permission", "pk": 110, "fields": {"name": "Can change consulter_planning", "content_type": 28, "codename": "change_consulter_planning"}}, {"model": "auth.permission", "pk": 111, "fields": {"name": "Can delete consulter_planning", "content_type": 28, "codename": "delete_consulter_planning"}}, {"model": "auth.permission", "pk": 112, "fields": {"name": "Can view consulter_planning", "content_type": 28, "codename": "view_consulter_planning"}}, {"model": "auth.permission", "pk": 113, "fields": {"name": "Can add media", "content_type": 29, "codename": "add_media"}}, {"model": "auth.permission", "pk": 114, "fields": {"name": "Can change media", "content_type": 29, "codename": "change_media"}}, {"model": "auth.permission", "pk": 115, "fields": {"name": "Can delete media", "content_type": 29, "codename": "delete_media"}}, {"model": "auth.permission", "pk": 116, "fields": {"name": "Can view media", "content_type": 29, "codename": "view_media"}}, {"model": "auth.permission", "pk": 117, "fields": {"name": "Can add oberver_paiement", "content_type": 30, "codename": "add_oberver_paiement"}}, {"model": "auth.permission", "pk": 118, "fields": {"name": "Can change oberver_paiement", "content_type": 30, "codename": "change_oberver_paiement"}}, {"model": "auth.permission", "pk": 119, "fields": {"name": "Can delete oberver_paiement", "content_type": 30, "codename": "delete_oberver_paiement"}}, {"model": "auth.permission", "pk": 120, "fields": {"name": "Can view oberver_paiement", "content_type": 30, "codename": "view_oberver_paiement"}}, {"model": "auth.permission", "pk": 121, "fields": {"name": "Can add projet", "content_type": 31, "codename": "add_projet"}}, {"model": "auth.permission", "pk": 122, "fields": {"name": "Can change projet", "content_type": 31, "codename": "change_projet"}}, {"model": "auth.permission", "pk": 123, "fields": {"name": "Can delete projet", "content_type": 31, "codename": "delete_projet"}}, {"model": "auth.permission", "pk": 124, "fields": {"name": "Can view projet", "content_type": 31, "codename": "view_projet"}}, {"model": "auth.permission", "pk": 125, "fields": {"name": "Can add profffeur responsable", "content_type": 32, "codename": "add_profffeurresponsable"}}, {"model": "auth.permission", "pk": 126, "fields": {"name": "Can change profffeur responsable", "content_type": 32, "codename": "change_profffeurresponsable"}}, {"model": "auth.permission", "pk": 127, "fields": {"name": "Can delete profffeur responsable", "content_type": 32, "codename": "delete_profffeurresponsable"}}, {"model": "auth.permission", "pk": 128, "fields": {"name": "Can view profffeur responsable", "content_type": 32, "codename": "view_profffeurresponsable"}}, {"model": "auth.permission", "pk": 129, "fields": {"name": "Can add professeur responsable", "content_type": 32, "codename": "add_professeurresponsable"}}, {"model": "auth.permission", "pk": 130, "fields": {"name": "Can change professeur responsable", "content_type": 32, "codename": "change_professeurresponsable"}}, {"model": "auth.permission", "pk": 131, "fields": {"name": "Can delete professeur responsable", "content_type": 32, "codename": "delete_professeurresponsable"}}, {"model": "auth.permission", "pk": 132, "fields": {"name": "Can view professeur responsable", "content_type": 32, "codename": "view_professeurresponsable"}}, {"model": "auth.permission", "pk": 133, "fields": {"name": "Can add responsable metier", "content_type": 32, "codename": "add_responsablemetier"}}, {"model": "auth.permission", "pk": 134, "fields": {"name": "Can change responsable metier", "content_type": 32, "codename": "change_responsablemetier"}}, {"model": "auth.permission", "pk": 135, "fields": {"name": "Can delete responsable metier", "content_type": 32, "codename": "delete_responsablemetier"}}, {"model": "auth.permission", "pk": 136, "fields": {"name": "Can view responsable metier", "content_type": 32, "codename": "view_responsablemetier"}}, {"model": "auth.user", "pk": 1, "fields": {"password": "pbkdf2_sha256$720000$qdsnnd8Zy95XXdykZdowsn$DJO4R6ASrniAXuhOLdIJPczKAh2NLtAcXoiV/3uatA0=", "last_login": "2024-10-15T23:10:10.996Z", "is_superuser": true, "username": "lamine", "first_name": "", "last_name": "", "email": "laminfal29@gmail.com", "is_staff": true, "is_active": true, "date_joined": "2024-10-15T23:09:48.009Z", "groups": [], "user_permissions": []}}, {"model": "contenttypes.contenttype", "pk": 1, "fields": {"app_label": "admin", "model": "logentry"}}, {"model": "contenttypes.contenttype", "pk": 2, "fields": {"app_label": "auth", "model": "permission"}}, {"model": "contenttypes.contenttype", "pk": 3, "fields": {"app_label": "auth", "model": "group"}}, {"model": "contenttypes.contenttype", "pk": 4, "fields": {"app_label": "auth", "model": "user"}}, {"model": "contenttypes.contenttype", "pk": 5, "fields": {"app_label": "contenttypes", "model": "contenttype"}}, {"model": "contenttypes.contenttype", "pk": 6, "fields": {"app_label": "sessions", "model": "session"}}, {"model": "contenttypes.contenttype", "pk": 7, "fields": {"app_label": "auth_app", "model": "adjointclasse"}}, {"model": "contenttypes.contenttype", "pk": 8, "fields": {"app_label": "auth_app", "model": "administrateur"}}, {"model": "contenttypes.contenttype", "pk": 9, "fields": {"app_label": "auth_app", "model": "filiere"}}, {"model": "contenttypes.contenttype", "pk": 10, "fields": {"app_label": "auth_app", "model": "responsableclasse"}}, {"model": "contenttypes.contenttype", "pk": 11, "fields": {"app_label": "auth_app", "model": "responsablefiliere"}}, {"model": "contenttypes.contenttype", "pk": 12, "fields": {"app_label": "auth_app", "model": "salle"}}, {"model": "contenttypes.contenttype", "pk": 13, "fields": {"app_label": "auth_app", "model": "classe"}}, {"model": "contenttypes.contenttype", "pk": 14, "fields": {"app_label": "auth_app", "model": "matiere"}}, {"model": "contenttypes.contenttype", "pk": 15, "fields": {"app_label": "auth_app", "model": "programme"}}, {"model": "contenttypes.contenttype", "pk": 16, "fields": {"app_label": "auth_app", "model": "planifier"}}, {"model": "contenttypes.contenttype", "pk": 17, "fields": {"app_label": "auth_app", "model": "student"}}, {"model": "contenttypes.contenttype", "pk": 18, "fields": {"app_label": "auth_app", "model": "comptable"}}, {"model": "contenttypes.contenttype", "pk": 19, "fields": {"app_label": "auth_app", "model": "teacher"}}, {"model": "contenttypes.contenttype", "pk": 20, "fields": {"app_label": "auth_app", "model": "pointage"}}, {"model": "contenttypes.contenttype", "pk": 21, "fields": {"app_label": "auth_app", "model": "planning"}}, {"model": "contenttypes.contenttype", "pk": 22, "fields": {"app_label": "auth_app", "model": "paiement"}}, {"model": "contenttypes.contenttype", "pk": 23, "fields": {"app_label": "auth_app", "model": "note"}}, {"model": "contenttypes.contenttype", "pk": 24, "fields": {"app_label": "auth_app", "model": "cahierdecours"}}, {"model": "contenttypes.contenttype", "pk": 25, "fields": {"app_label": "auth_app", "model": "bulletin"}}, {"model": "contenttypes.contenttype", "pk": 26, "fields": {"app_label": "auth_app", "model": "enseigner"}}, {"model": "contenttypes.contenttype", "pk": 27, "fields": {"app_label": "auth_app", "model": "associer"}}, {"model": "contenttypes.contenttype", "pk": 28, "fields": {"app_label": "auth_app", "model": "consulter_planning"}}, {"model": "contenttypes.contenttype", "pk": 29, "fields": {"app_label": "auth_app", "model": "media"}}, {"model": "contenttypes.contenttype", "pk": 30, "fields": {"app_label": "auth_app", "model": "oberver_paiement"}}, {"model": "contenttypes.contenttype", "pk": 31, "fields": {"app_label": "auth_app", "model": "projet"}}, {"model": "contenttypes.contenttype", "pk": 32, "fields": {"app_label": "auth_app", "model": "responsablemetier"}}, {"model": "sessions.session", "pk": "4dznxd67zd0ml6pn0cqvhxp9w97hfvvj", "fields": {"session_data": ".eJxVjDsOwyAQRO9CHSGz5psyvc-AFliCkwgkY1dR7h5bcpE0U8x7M2_mcVuL3zotfk7sygS7_HYB45PqAdID673x2Oq6zIEfCj9p51NL9Lqd7t9BwV729ShtUFJnSNoZijQgihT2DAIggRMwilFB1NZYrXXODk0eAimplDMxs88X3Ck3pg:1t0qg6:tzkkRVegtt5Fpt0JACF22IH_L3LyMoTApIz-e7qaPWg", "expire_date": "2024-10-29T23:10:10.996Z"}}, {"model": "auth_app.administrateur", "pk": 1, "fields": {"matricule": "admin-1", "first_name": "admin", "last_name": "admin", "adresse": "Rufisque", "telephone": 781195348, "email": "admin@gmail.com", "qr_code": "qr_codes/students/admin_admin_qr_JshtCTj.png", "photo": "photos/admin/OIP.jpeg"}}, {"model": "auth_app.salle", "pk": 1, "fields": {"numero": 314, "name": "ABD"}}, {"model": "auth_app.salle", "pk": 2, "fields": {"numero": 313, "name": "APD"}}, {"model": "auth_app.salle", "pk": 3, "fields": {"numero": 312, "name": "DFE"}}, {"model": "auth_app.salle", "pk": 4, "fields": {"numero": 311, "name": "DBE"}}, {"model": "auth_app.salle", "pk": 5, "fields": {"numero": 310, "name": "SSC"}}, {"model": "auth_app.salle", "pk": 6, "fields": {"numero": 309, "name": "RSIOT"}}, {"model": "auth_app.responsablefiliere", "pk": 1, "fields": {"matricule": "Sylla-1", "first_name": "Limamou Libasse", "last_name": "SYLLA", "profession": "PM5", "email": "responsable@gmail.com", "num_tel": 786543212, "grade": "Doctorant", "qr_code": "qr_codes/students/Limamou_Libasse_SYLLA_qr.png", "photo": "photos/responsable/OIP_KwukHak.jpeg"}}, {"model": "auth_app.responsablefiliere", "pk": 2, "fields": {"matricule": "Moussa-1", "first_name": "Moussa", "last_name": "FAYE", "profession": "Mecanicien", "email": "moussa@gmail.com", "num_tel": 786643987, "grade": "Doctorant", "qr_code": "qr_codes/students/Moussa_FAYE_qr_l62yGgU.png", "photo": ""}}, {"model": "auth_app.teacher", "pk": 1, "fields": {"matricule": "P-Niang", "first_name": "Pape Malick", "last_name": "NIiang", "profession": "Data Analyst", "email": "niang@gmail.com", "num_tel": null, "status": null, "responsable": null, "comptable": null, "qr_code": "qr_codes/teacher/Pape_Malick_NIANG_qr_G2OBii2.png"}}, {"model": "auth_app.teacher", "pk": 2, "fields": {"matricule": "Sylla-1", "first_name": "Limamou Libasse", "last_name": "Sylla", "profession": "PM5", "email": "sylla@gmail.com", "num_tel": null, "status": null, "responsable": null, "comptable": null, "qr_code": "qr_codes/teacher/__qr.png"}}, {"model": "auth_app.teacher", "pk": 3, "fields": {"matricule": "Assane-Diatta", "first_name": "Assane", "last_name": "DIATTA", "profession": "Developpeur .Net", "email": "diatta@gmail.com", "num_tel": null, "status": null, "responsable": null, "comptable": null, "qr_code": "qr_codes/teacher/Assane_DIATTA_qr_JERobd8.png"}}, {"model": "auth_app.teacher", "pk": 4, "fields": {"matricule": "Konare-1", "first_name": "Boubacar", "last_name": "KONARE", "profession": "Data Analyst", "email": "konare@gmail.com", "num_tel": null, "status": null, "responsable": null, "comptable": null, "qr_code": "qr_codes/teacher/__qr_WtXeKLv.png"}}, {"model": "auth_app.teacher", "pk": 5, "fields": {"matricule": "Camara-1", "first_name": "Ndiame", "last_name": "CAMARA", "profession": "Ingenieur Systeme", "email": "camara@gmail.com", "num_tel": null, "status": null, "responsable": null, "comptable": null, "qr_code": "qr_codes/teacher/__qr_OGYV075.png"}}, {"model": "auth_app.filiere", "pk": 1, "fields": {"nom": "TIC", "responsable": 1}}, {"model": "auth_app.filiere", "pk": 3, "fields": {"nom": "Mecanique", "responsable": 2}}, {"model": "auth_app.filiere", "pk": 4, "fields": {"nom": "TIC", "responsable": 1}}, {"model": "auth_app.matiere", "pk": 1, "fields": {"code_matiere": "TS-MATHS", "nom_matiere": "Mathematiques appliquees TIC", "ue": "ue", "credit": 2, "volume": "40 H", "semestre": "semestre 1", "filiere": 1, "teacher": 1, "responsable": 1}}, {"model": "auth_app.matiere", "pk": 2, "fields": {"code_matiere": "ASP", "nom_matiere": "ASP.NET", "ue": "ue", "credit": 4, "volume": "40 H", "semestre": "semestre 1", "filiere": 1, "teacher": 3, "responsable": 1}}, {"model": "auth_app.matiere", "pk": 3, "fields": {"code_matiere": "Linux", "nom_matiere": "Linux", "ue": "ue", "credit": 4, "volume": "120 H", "semestre": "semestre 1", "filiere": 1, "teacher": 2, "responsable": 1}}, {"model": "auth_app.matiere", "pk": 4, "fields": {"code_matiere": "Py", "nom_matiere": "Python", "ue": "Acquerir les bases de Python", "credit": 2, "volume": "40 H", "semestre": "semestre 1", "filiere": 1, "teacher": 1, "responsable": 1}}, {"model": "auth_app.matiere", "pk": 5, "fields": {"code_matiere": "PB", "nom_matiere": "Power BI", "ue": "Visualisation de donnees", "credit": 2, "volume": "40 H", "semestre": "semestre 1", "filiere": 1, "teacher": 4, "responsable": 1}}, {"model": "auth_app.matiere", "pk": 6, "fields": {"code_matiere": "WS", "nom_matiere": "Windows Server", "ue": "ue", "credit": 4, "volume": "120 H", "semestre": "semestre 1", "filiere": 1, "teacher": 5, "responsable": 1}}, {"model": "auth_app.responsablemetier", "pk": 1, "fields": {"matricule": "Limamou-Sylla", "first_name": "Limamou Libasse", "last_name": "SYLLA", "profession": "PM5", "email": "responsablemetier@gmail.com", "num_tel": 786634234, "status": "Responsable Metier", "responsable": 1}}, {"model": "auth_app.classe", "pk": 1, "fields": {"name": "ABD", "promo": 4, "description": "Administration de bases de donnees", "filiere": 1, "responsableMetier": null}}, {"model": "auth_app.classe", "pk": 2, "fields": {"name": "APD", "promo": 4, "description": "Analyse de Performance digitale", "filiere": 1, "responsableMetier": null}}, {"model": "auth_app.classe", "pk": 3, "fields": {"name": "SCC", "promo": 4, "description": "Systeme Securite Cloud", "filiere": 1, "responsableMetier": null}}, {"model": "auth_app.classe", "pk": 4, "fields": {"name": "DFE", "promo": 4, "description": "Developpement Front-End", "filiere": 1, "responsableMetier": null}}, {"model": "auth_app.classe", "pk": 5, "fields": {"name": "DBE", "promo": 4, "description": "Developpement Back-End", "filiere": 1, "responsableMetier": null}}, {"model": "auth_app.student", "pk": 1, "fields": {"matricule": "Lamine-1", "first_name": "Lamine", "last_name": "FALL", "filiere": 1, "classe": 1, "metier": "Administration de base de données", "email": "laminfal29@gmail.com", "qr_code": "qr_codes/students/Lamine_fall_qr_iIawb4y.png", "photo": "photos/ca_vdgssXq.png"}}, {"model": "auth_app.student", "pk": 2, "fields": {"matricule": "Mbaye-1", "first_name": "Mbaye", "last_name": "FAYE", "filiere": 1, "classe": 2, "metier": "Analyse de Performance Digitale", "email": "mbaye@gmail.com", "qr_code": "qr_codes/students/Mbaye_FAYE_qr.png", "photo": "photos/FAYE.jpg"}}, {"model": "auth_app.student", "pk": 4, "fields": {"matricule": "Moussa-1", "first_name": "Moussa", "last_name": "FAYE", "filiere": null, "classe": null, "metier": null, "email": "moussa@gmail.com", "qr_code": "qr_codes/students/Moussa_FAYE_qr.png", "photo": ""}}, {"model": "auth_app.student", "pk": 5, "fields": {"matricule": "Khadim-1", "first_name": "Khadim", "last_name": "NDIAYE", "filiere": 1, "classe": 3, "metier": "Systeme Securite Cloud", "email": "khadim@gmail.com", "qr_code": "qr_codes/students/Khadim_NDIAYE_qr.png", "photo": ""}}, {"model": "auth_app.student", "pk": 6, "fields": {"matricule": "Lamine-2", "first_name": "Lamine", "last_name": "FALL", "filiere": 1, "classe": 1, "metier": "Administration de base de données", "email": "laminfal30@gmail.com", "qr_code": "qr_codes/students/Lamine_FALL_qr_NMBCqvJ.png", "photo": ""}}, {"model": "auth_app.student", "pk": 8, "fields": {"matricule": "Lamine-3", "first_name": "Lamine", "last_name": "FALL", "filiere": 1, "classe": 1, "metier": "Administration de base de données", "email": "lamin@gmail.com", "qr_code": "qr_codes/students/Lamine_FALL_qr_ahGGHvU.png", "photo": ""}}, {"model": "auth_app.pointage", "pk": 1, "fields": {"date": "2024-10-20", "arrivee": "02:58:48.696", "sortie": "02:58:48.696", "total": 0, "student": 1, "teacher": null, "responsable": null}}, {"model": "auth_app.note", "pk": 15, "fields": {"student": 1, "teacher": 3, "matiere": 2, "classe": null, "administrateur": null, "responsable": null, "note_eva1": 16.0, "note_eva2": 18.0, "integration": 19.0, "moyen_semes": 17.67}}, {"model": "auth_app.note", "pk": 18, "fields": {"student": 1, "teacher": 1, "matiere": 1, "classe": null, "administrateur": null, "responsable": null, "note_eva1": 15.0, "note_eva2": 18.0, "integration": 19.0, "moyen_semes": 17.33}}, {"model": "auth_app.note", "pk": 19, "fields": {"student": 1, "teacher": 2, "matiere": 3, "classe": null, "administrateur": null, "responsable": null, "note_eva1": 18.0, "note_eva2": 18.0, "integration": 19.0, "moyen_semes": 18.33}}, {"model": "auth_app.note", "pk": 20, "fields": {"student": 1, "teacher": 1, "matiere": 4, "classe": null, "administrateur": null, "responsable": null, "note_eva1": 18.0, "note_eva2": 16.0, "integration": 19.0, "moyen_semes": 17.67}}, {"model": "auth_app.note", "pk": 21, "fields": {"student": 2, "teacher": 1, "matiere": 1, "classe": null, "administrateur": null, "responsable": null, "note_eva1": 18.0, "note_eva2": 17.0, "integration": 16.0, "moyen_semes": 17.0}}, {"model": "auth_app.note", "pk": 22, "fields": {"student": 5, "teacher": 5, "matiere": 6, "classe": null, "administrateur": null, "responsable": null, "note_eva1": 16.0, "note_eva2": 12.0, "integration": 14.0, "moyen_semes": 14.0}}, {"model": "auth_app.note", "pk": 23, "fields": {"student": 1, "teacher": 4, "matiere": 5, "classe": null, "administrateur": null, "responsable": null, "note_eva1": 14.0, "note_eva2": 16.0, "integration": 20.0, "moyen_semes": 16.67}}, {"model": "auth_app.note", "pk": 25, "fields": {"student": 1, "teacher": 5, "matiere": 6, "classe": null, "administrateur": null, "responsable": null, "note_eva1": 16.0, "note_eva2": 15.0, "integration": 19.0, "moyen_semes": 16.67}}, {"model": "auth_app.note", "pk": 26, "fields": {"student": 8, "teacher": 1, "matiere": 1, "classe": null, "administrateur": null, "responsable": null, "note_eva1": 15.0, "note_eva2": 16.0, "integration": 19.0, "moyen_semes": 16.67}}, {"model": "auth_app.note", "pk": 27, "fields": {"student": 8, "teacher": 3, "matiere": 2, "classe": null, "administrateur": null, "responsable": null, "note_eva1": 15.0, "note_eva2": 18.0, "integration": 20.0, "moyen_semes": 17.67}}, {"model": "auth_app.note", "pk": 28, "fields": {"student": 5, "teacher": 4, "matiere": 5, "classe": null, "administrateur": null, "responsable": null, "note_eva1": 17.0, "note_eva2": 15.0, "integration": 19.0, "moyen_semes": 17.0}}, {"model": "auth_app.enseigner", "pk": 1, "fields": {"teacher": 3, "matiere": 2, "classe": 1, "student": 1, "responsable": null}}, {"model": "auth_app.enseigner", "pk": 2, "fields": {"teacher": 1, "matiere": 1, "classe": 1, "student": 1, "responsable": null}}, {"model": "auth_app.enseigner", "pk": 4, "fields": {"teacher": 2, "matiere": 3, "classe": 1, "student": 1, "responsable": null}}, {"model": "auth_app.enseigner", "pk": 5, "fields": {"teacher": 2, "matiere": 3, "classe": 3, "student": 1, "responsable": null}}, {"model": "auth_app.enseigner", "pk": 9, "fields": {"teacher": 1, "matiere": 1, "classe": 3, "student": null, "responsable": null}}, {"model": "auth_app.enseigner", "pk": 11, "fields": {"teacher": 5, "matiere": 6, "classe": 1, "student": null, "responsable": 1}}, {"model": "auth_app.enseigner", "pk": 12, "fields": {"teacher": 5, "matiere": 6, "classe": 3, "student": null, "responsable": 1}}, {"model": "auth_app.enseigner", "pk": 13, "fields": {"teacher": 4, "matiere": 5, "classe": 1, "student": null, "responsable": 1}}, {"model": "auth_app.enseigner", "pk": 14, "fields": {"teacher": 5, "matiere": 6, "classe": 5, "student": null, "responsable": 1}}, {"model": "auth_app.enseigner", "pk": 15, "fields": {"teacher": 4, "matiere": 5, "classe": 3, "student": null, "responsable": 1}}, {"model": "auth_app.cahierdecours", "pk": 1, "fields": {"date": "2024-10-17", "horaire": "08", "duree": "7", "competence": "DEV", "uea": "Dev", "elements_constituifs": "Developpement d' application avec Asp.net", "duree_theorie": "2", "corpus_theorie": "Creation de project", "duree_td": "2", "corpus_td": "Installation de packages", "duree_tp": "2", "corpus_tp": "Creation  d' application", "duree_tpa": "0", "corpus_tpa": "Neant", "duree_stage": null, "corpus_stage": null, "teacher": 3, "classe": 1, "responsable": null, "adjoint": null}}, {"model": "auth_app.cahierdecours", "pk": 2, "fields": {"date": "2024-10-17", "horaire": "08:00-16:30", "duree": "7", "competence": "Linux", "uea": "Linux", "elements_constituifs": "Administration Linux", "duree_theorie": "2", "corpus_theorie": "Installation de machines virtuelles", "duree_td": "2", "corpus_td": "Configuration reseaux avec la creation de nouvelles cartes reseaux", "duree_tp": "2", "corpus_tp": "Creation de machines", "duree_tpa": "0", "corpus_tpa": "Neant", "duree_stage": null, "corpus_stage": null, "teacher": 2, "classe": 1, "responsable": null, "adjoint": null}}, {"model": "auth_app.cahierdecours", "pk": 3, "fields": {"date": "2024-10-18", "horaire": "08", "duree": "7", "competence": "Python", "uea": "Pyt", "elements_constituifs": "Creation d' application avec Python", "duree_theorie": "2", "corpus_theorie": "Creation de Python", "duree_td": "2", "corpus_td": "Creation de Python", "duree_tp": "2", "corpus_tp": "Creation de Python", "duree_tpa": "0", "corpus_tpa": "Neant", "duree_stage": null, "corpus_stage": null, "teacher": 1, "classe": 1, "responsable": null, "adjoint": null}}, {"model": "auth_app.cahierdecours", "pk": 4, "fields": {"date": "2024-10-18", "horaire": "08", "duree": "7", "competence": "Linux", "uea": "Linux", "elements_constituifs": "Administration linux", "duree_theorie": "2", "corpus_theorie": "Installation des machines virtuelles", "duree_td": "2", "corpus_td": "Creation de cartes resaux", "duree_tp": "2", "corpus_tp": "Creation de cartes reseaux", "duree_tpa": "0", "corpus_tpa": "Neant", "duree_stage": null, "corpus_stage": null, "teacher": 2, "classe": 1, "responsable": null, "adjoint": null}}, {"model": "auth_app.cahierdecours", "pk": 5, "fields": {"date": "2024-10-21", "horaire": "08 heures 17 heures", "duree": "7", "competence": "DEV", "uea": "Dev", "elements_constituifs": "Developpement d' application", "duree_theorie": "2", "corpus_theorie": "Initiation aux Pages Razor", "duree_td": "2", "corpus_td": "Creation d' un programme web utilisant Razor Pages", "duree_tp": "2", "corpus_tp": "Creation d' un programme web utilisant Razor Pages", "duree_tpa": "0", "corpus_tpa": "Neant", "duree_stage": null, "corpus_stage": null, "teacher": 3, "classe": 1, "responsable": null, "adjoint": null}}, {"model": "auth_app.planning", "pk": 1, "fields": {"date": "2024-10-17", "premiere_heure": "08:30:00", "deuxieme_heure": "11:00:00", "troisieme_heure": "16:30:00", "activite1": "Linux", "activite2": "Linux", "activite3": "Linux", "salle": 1, "classe": null, "professeur": 2, "responsable": 1}}, {"model": "auth_app.planning", "pk": 3, "fields": {"date": "2024-10-18", "premiere_heure": "08:00:00", "deuxieme_heure": "11:00:00", "troisieme_heure": "14:00:00", "activite1": "Power BI", "activite2": "Power BI", "activite3": "Power BI", "salle": 1, "classe": 2, "professeur": 4, "responsable": 1}}, {"model": "auth_app.planning", "pk": 4, "fields": {"date": "2024-10-21", "premiere_heure": "08:30:00", "deuxieme_heure": "11:00:00", "troisieme_heure": "14:00:00", "activite1": "Python", "activite2": "Python", "activite3": "Python", "salle": 2, "classe": null, "professeur": 1, "responsable": 1}}, {"model": "auth_app.planning", "pk": 5, "fields": {"date": "2024-10-21", "premiere_heure": "08:30:00", "deuxieme_heure": "11:00:00", "troisieme_heure": "14:00:00", "activite1": "Windows Server", "activite2": "Windows Server", "activite3": "Windows Server", "salle": 3, "classe": null, "professeur": 5, "responsable": 1}}, {"model": "auth_app.planning", "pk": 6, "fields": {"date": "2024-10-21", "premiere_heure": "08:30:00", "deuxieme_heure": "11:00:00", "troisieme_heure": "14:00:00", "activite1": "HTML\\CSS", "activite2": "HTML\\CSS", "activite3": "HTML\\CSS", "salle": 4, "classe": null, "professeur": 1, "responsable": 1}}, {"model": "auth_app.planning", "pk": 7, "fields": {"date": "2024-10-21", "premiere_heure": "08:30:00", "deuxieme_heure": "11:00:00", "troisieme_heure": "14:00:00", "activite1": "PHP", "activite2": "PHP", "activite3": "PHP", "salle": 5, "classe": null, "professeur": 2, "responsable": 1}}, {"model": "auth_app.planning", "pk": 8, "fields": {"date": "2024-10-28", "premiere_heure": "08:00:00", "deuxieme_heure": "11:00:00", "troisieme_heure": "14:00:00", "activite1": "Linux", "activite2": "Mysql", "activite3": "Mysql", "salle": 1, "classe": null, "professeur": 2, "responsable": 1}}, {"model": "auth_app.planning", "pk": 9, "fields": {"date": "2024-10-22", "premiere_heure": "08:30:00", "deuxieme_heure": "11:00:00", "troisieme_heure": "14:00:00", "activite1": "Linux", "activite2": "Linux", "activite3": "Linux", "salle": 1, "classe": 1, "professeur": 2, "responsable": 1}}, {"model": "auth_app.planning", "pk": 10, "fields": {"date": "2024-10-22", "premiere_heure": "08:30:00", "deuxieme_heure": "11:00:00", "troisieme_heure": "14:00:00", "activite1": "Linux", "activite2": "Linux", "activite3": "Linux", "salle": 1, "classe": 1, "professeur": 2, "responsable": 1}}, {"model": "auth_app.planning", "pk": 14, "fields": {"date": "2024-10-25", "premiere_heure": "08:30:00", "deuxieme_heure": "11:00:00", "troisieme_heure": "14:00:00", "activite1": "Power BI", "activite2": "Power BI", "activite3": "Power BI", "salle": 1, "classe": null, "professeur": 4, "responsable": 1}}, {"model": "auth_app.planning", "pk": 15, "fields": {"date": "2024-10-27", "premiere_heure": "08:30:00", "deuxieme_heure": "11:00:00", "troisieme_heure": "14:00:00", "activite1": "Power BI", "activite2": "Power BI", "activite3": "Power BI", "salle": 1, "classe": 1, "professeur": 4, "responsable": 1}}, {"model": "auth_app.planning", "pk": 16, "fields": {"date": "2024-10-29", "premiere_heure": "08:30:00", "deuxieme_heure": "11:00:00", "troisieme_heure": "14:00:00", "activite1": "POWERSHELL", "activite2": "POWERSHELL", "activite3": "POWERSHELL", "salle": 6, "classe": null, "professeur": 5, "responsable": 1}}, {"model": "auth_app.media", "pk": 1, "fields": {"teacher": 2, "student": null, "classe": null, "title": "Photo", "description": null, "media_type": "", "file": "media/aissatou_ndiaye.jpg", "uploaded_at": "2024-10-18T18:06:27.885Z"}}]